transaction_id,src_account,dst_account,amount,currency,timestamp,transaction_type,location,channel,account_risk,pattern_stage,is_suspicious,transaction_velocity_1h,transaction_velocity_1d,avg_transaction_amount_7d,deviation_from_avg,fan_in_count,fan_out_count,country_risk_score,graph_cycle_flag,anomaly_score,src_account_holder,dst_account_holder
T001,A1082,A1015,12602.88,USD,2025-08-12 21:19:10,Deposit,USA,Bank,High,Normal,0,5,13,2195.31,5.74,6,0,0.3,1,0.35,Rohan Mehta,Aarav Nair
T002,A1065,A1079,13365.33,INR,2025-08-21 08:46:33,Deposit,UAE,Mobile,Low,Normal,0,1,7,7134.89,1.87,2,3,0.6,0,0.25,Isha Bhatia,Aditya Agarwal
T003,A1012,A1050,48448.52,USD,2025-08-13 20:11:20,Transfer,CaymanIslands,Crypto Exchange,High,Layering,1,0,6,2036.6,23.79,4,10,0.95,0,1.0,Sneha Patel,Isha Reddy
T004,A1074,A1025,352315.46,INR,2025-08-12 01:31:14,Withdrawal,India,ATM,Low,Placement,1,3,7,9341.5,37.72,5,2,0.2,0,0.54,Aryan Verma,Kavya Iyer
T005,A1035,A1091,468333.63,BTC,2025-08-04 11:11:23,Deposit,Singapore,ATM,Low,Placement,1,3,9,5763.98,81.25,10,8,0.4,0,0.98,Riya Desai,Isha Desai
T006,A1099,A1008,114601.13,INR,2025-08-16 07:31:45,Online Payment,UK,Bank,Low,Integration,1,4,9,4646.22,24.67,7,6,0.3,0,0.67,Ishaan Ghosh,Aryan Kulkarni
T007,A1019,A1035,69901.2,BTC,2025-08-13 18:06:58,Online Payment,Singapore,Crypto Exchange,Medium,Layering,1,1,3,10435.76,6.7,1,0,0.4,0,0.87,Vivaan Verma,Riya Desai
T008,A1021,A1089,211137.77,INR,2025-08-19 16:17:11,Online Payment,Singapore,Crypto Exchange,High,Placement,1,2,10,17285.2,12.21,0,10,0.4,0,0.75,Aarav Desai,Aditya Joshi
T009,A1069,A1098,133485.91,BTC,2025-08-17 12:19:59,Transfer,UK,Crypto Exchange,Low,Layering,1,3,3,19099.41,6.99,4,8,0.3,0,0.7,Pooja Reddy,Aditya Kulkarni
T010,A1014,A1082,149292.55,BTC,2025-08-25 15:28:12,Deposit,USA,Mobile,Low,Normal,0,4,4,12179.42,12.26,7,0,0.3,0,0.38,Rohan Iyer,Rohan Mehta
T011,A1040,A1031,29056.79,BTC,2025-08-04 19:45:31,Transfer,CaymanIslands,Crypto Exchange,Low,Layering,1,4,6,3003.63,9.67,7,8,0.95,0,1.0,Kavya Reddy,Vihaan Chopra
T012,A1078,A1055,482185.02,BTC,2025-08-10 18:21:28,Withdrawal,UAE,Mobile,Medium,Placement,1,4,11,2859.58,168.62,3,1,0.6,0,0.62,Ananya Kulkarni,Aryan Bhatia
T013,A1030,A1077,110186.67,INR,2025-08-03 20:35:34,Deposit,India,Bank,Medium,Normal,0,1,5,13545.07,8.13,3,8,0.2,0,0.36,Riya Kapoor,Aryan Patel
T014,A1074,A1075,236388.25,USD,2025-08-20 18:15:33,Deposit,India,Bank,High,Placement,1,3,8,8759.78,26.99,7,0,0.2,0,0.97,Aryan Verma,Isha Agarwal
T015,A1013,A1008,201370.38,USD,2025-08-06 07:18:27,Deposit,USA,ATM,High,Placement,1,3,5,8726.69,23.08,4,7,0.3,0,0.8,Aryan Verma,Aryan Kulkarni
T016,A1057,A1072,49044.57,BTC,2025-08-01 17:11:38,Transfer,Switzerland,ATM,Low,Layering,1,3,10,9886.49,4.96,6,0,0.9,0,0.65,Aarav Verma,Priya Naidu
T017,A1050,A1034,463266.38,USD,2025-08-14 20:20:21,Online Payment,CaymanIslands,Crypto Exchange,Low,Placement,1,1,5,4745.17,97.63,0,9,0.95,0,0.46,Isha Reddy,Vivaan Iyer
T018,A1041,A1008,25166.15,USD,2025-08-25 09:51:47,Deposit,India,Bank,Low,Normal,0,0,9,1825.24,13.79,3,6,0.2,0,0.33,Aarav Agarwal,Aryan Kulkarni
T019,A1032,A1076,297300.12,BTC,2025-08-04 23:31:03,Online Payment,CaymanIslands,Mobile,Medium,Placement,1,1,11,14465.74,20.55,3,4,0.95,0,0.73,Pooja Nair,Aryan Mehta
T020,A1039,A1060,158156.98,INR,2025-08-01 10:51:11,Online Payment,Singapore,Bank,Low,Normal,0,4,8,3082.9,51.3,5,1,0.4,0,0.21,Vivaan Bhatia,Priya Joshi
T021,A1021,A1058,416889.1,BTC,2025-08-15 16:27:28,Transfer,CaymanIslands,Mobile,High,Placement,1,0,2,5657.09,73.69,1,8,0.95,0,0.68,Aarav Desai,Ananya Ghosh
T022,A1027,A1093,171505.86,BTC,2025-08-13 19:33:48,Online Payment,UK,Bank,Low,Normal,0,2,2,569.14,301.34,2,10,0.3,0,0.39,Aditya Naidu,Ananya Reddy
T023,A1057,A1072,352863.16,BTC,2025-08-01 11:15:57,Transfer,India,ATM,High,Placement,1,0,5,11858.94,29.76,2,6,0.2,0,0.58,Aarav Verma,Priya Naidu
T024,A1006,A1047,105117.26,INR,2025-08-05 23:45:47,Withdrawal,Switzerland,Crypto Exchange,High,Layering,1,5,7,18552.39,5.67,3,2,0.9,0,0.93,Ishaan Bhatia,Aditya Desai
T025,A1053,A1004,89762.4,USD,2025-08-20 23:40:50,Deposit,UK,ATM,High,Normal,0,0,6,17507.25,5.13,7,3,0.3,0,0.2,Rohan Agarwal,Aryan Iyer
T026,A1045,A1040,410286.14,INR,2025-08-11 19:43:29,Transfer,CaymanIslands,ATM,Medium,Placement,1,2,6,17354.88,23.64,4,5,0.95,0,0.64,Sneha Reddy,Kavya Reddy
T027,A1069,A1043,469624.65,INR,2025-08-13 16:20:15,Deposit,Singapore,Mobile,Low,Placement,1,0,9,8973.99,52.33,5,6,0.4,0,0.87,Pooja Reddy,Sneha Kapoor
T028,A1050,A1075,95120.38,INR,2025-08-22 04:02:37,Transfer,Singapore,ATM,Medium,Normal,0,3,4,19003.05,5.01,5,9,0.4,0,0.2,Isha Reddy,Isha Agarwal
T029,A1093,A1039,253610.54,BTC,2025-08-20 19:48:44,Withdrawal,UAE,Mobile,High,Placement,1,1,4,8698.7,29.15,6,10,0.6,0,0.56,Ananya Reddy,Vivaan Bhatia
T030,A1073,A1039,203096.98,INR,2025-08-15 18:02:23,Withdrawal,USA,Crypto Exchange,High,Placement,1,4,14,6783.86,29.94,7,7,0.3,0,0.79,Sneha Kulkarni,Vivaan Bhatia
T031,A1095,A1022,329459.49,USD,2025-08-17 06:31:21,Transfer,Switzerland,ATM,High,Placement,1,2,5,16227.98,20.3,2,0,0.9,1,0.79,Vihaan Desai,Sneha Reddy
T032,A1079,A1100,36506.83,USD,2025-08-10 10:32:00,Online Payment,UAE,Crypto Exchange,Low,Layering,1,1,11,13908.64,2.62,1,6,0.6,0,0.83,Aditya Agarwal,Krishna Reddy
T033,A1090,A1067,232328.49,BTC,2025-08-13 02:20:13,Transfer,UAE,ATM,Medium,Placement,1,5,13,19763.9,11.76,9,5,0.6,0,0.97,Krishna Bhatia,Aarav Mehta
T034,A1079,A1094,446020.95,USD,2025-08-22 15:31:37,Deposit,CaymanIslands,Crypto Exchange,Medium,Placement,1,2,5,16877.33,26.43,4,8,0.95,0,0.44,Aditya Agarwal,Diya Chopra
T035,A1057,A1010,356801.08,INR,2025-08-14 04:34:15,Withdrawal,UK,Bank,Low,Placement,1,1,4,7969.19,44.77,2,3,0.3,0,0.59,Aarav Verma,Vihaan Kulkarni
T036,A1070,A1060,207945.54,INR,2025-08-21 09:30:09,Online Payment,Switzerland,Bank,High,Placement,1,3,10,614.97,338.14,5,4,0.9,0,0.85,Riya Desai,Priya Joshi
T037,A1054,A1070,373783.08,BTC,2025-08-11 16:56:46,Online Payment,USA,Mobile,Medium,Placement,1,3,3,8082.72,46.24,10,10,0.3,0,0.95,Vihaan Bhatia,Riya Desai
T038,A1060,A1017,490362.92,BTC,2025-08-02 07:25:05,Online Payment,Singapore,Bank,Low,Placement,1,5,11,3146.14,155.86,7,2,0.4,0,1.0,Priya Joshi,Sneha Patel
T039,A1028,A1060,163490.22,USD,2025-08-14 12:11:32,Online Payment,UK,Bank,Medium,Normal,0,4,4,19998.2,8.18,5,3,0.3,0,0.16,Kavya Kapoor,Priya Joshi
T040,A1084,A1006,377141.18,INR,2025-08-10 16:16:19,Transfer,Singapore,ATM,Low,Placement,1,1,8,13554.45,27.82,9,3,0.4,0,0.47,Riya Kapoor,Ishaan Bhatia
T041,A1048,A1022,302985.76,BTC,2025-08-06 13:26:25,Deposit,UK,Bank,High,Placement,1,0,4,11728.04,25.83,6,6,0.3,0,0.46,Sneha Kulkarni,Sneha Reddy
T042,A1076,A1090,415302.76,INR,2025-08-05 22:43:25,Withdrawal,Switzerland,Bank,High,Placement,1,0,5,10888.53,38.14,10,5,0.9,0,0.73,Aryan Mehta,Krishna Bhatia
T043,A1002,A1055,411183.23,INR,2025-08-22 01:05:28,Withdrawal,CaymanIslands,Crypto Exchange,High,Placement,1,1,7,3934.67,104.5,8,10,0.95,0,1.0,Aarav Agarwal,Aryan Bhatia
T044,A1069,A1062,232490.4,BTC,2025-08-14 00:42:12,Withdrawal,Switzerland,ATM,Low,Placement,1,2,9,5255.34,44.24,7,9,0.9,0,0.51,Pooja Reddy,Kavya Joshi
T045,A1004,A1065,425491.32,INR,2025-08-24 16:02:12,Deposit,UK,Mobile,Medium,Placement,1,2,11,14173.08,30.02,4,8,0.3,1,0.91,Aryan Iyer,Isha Bhatia
T046,A1011,A1032,360065.32,USD,2025-08-12 15:59:51,Online Payment,CaymanIslands,Crypto Exchange,Medium,Placement,1,0,1,6237.59,57.73,6,3,0.95,0,0.85,Rohan Verma,Pooja Nair
T047,A1061,A1072,265507.87,USD,2025-08-17 01:23:59,Withdrawal,CaymanIslands,Crypto Exchange,Medium,Placement,1,2,6,4995.49,53.15,3,5,0.95,0,0.67,Diya Desai,Priya Naidu
T048,A1098,A1089,92656.41,INR,2025-08-24 12:07:56,Withdrawal,CaymanIslands,Mobile,Low,Layering,1,1,5,4935.92,18.77,2,4,0.95,1,0.9,Aditya Kulkarni,Aditya Joshi
T049,A1036,A1006,487150.04,BTC,2025-08-15 04:21:49,Deposit,CaymanIslands,Crypto Exchange,Low,Placement,1,0,9,6044.62,80.59,7,7,0.95,0,1.0,Ishaan Nair,Ishaan Bhatia
T050,A1033,A1063,57132.16,INR,2025-08-20 10:51:28,Online Payment,India,Bank,Low,Normal,0,1,10,19007.95,3.01,1,3,0.2,0,0.1,Diya Nair,Vivaan Patel
T051,A1078,A1077,395391.34,INR,2025-08-19 11:10:21,Online Payment,UAE,Mobile,High,Placement,1,3,7,11588.27,34.12,0,9,0.6,0,0.71,Ananya Kulkarni,Aryan Patel
T052,A1098,A1027,312794.96,USD,2025-08-04 22:35:24,Deposit,USA,ATM,High,Placement,1,0,2,552.18,566.47,7,9,0.3,0,0.61,Aditya Kulkarni,Aditya Naidu
T053,A1037,A1092,141430.91,USD,2025-08-04 10:55:49,Deposit,UK,ATM,Medium,Normal,0,1,11,3405.29,41.53,4,2,0.3,0,0.22,Isha Sharma,Priya Joshi
T054,A1040,A1078,374503.97,BTC,2025-08-15 00:15:20,Online Payment,India,Crypto Exchange,High,Placement,1,2,8,18882.19,19.83,8,8,0.2,0,0.5,Kavya Reddy,Ananya Kulkarni
T055,A1006,A1057,367293.51,BTC,2025-08-13 03:41:59,Transfer,India,ATM,High,Placement,1,4,13,19040.33,19.29,10,4,0.2,0,1.0,Ishaan Bhatia,Aarav Verma
T056,A1023,A1062,259530.02,USD,2025-08-14 12:04:33,Deposit,Singapore,Crypto Exchange,High,Placement,1,3,4,9665.2,26.85,6,5,0.4,0,0.44,Ananya Naidu,Kavya Joshi
T057,A1021,A1044,205881.38,USD,2025-08-14 23:47:53,Online Payment,Switzerland,Bank,Medium,Placement,1,0,5,5421.78,37.97,1,6,0.9,0,0.81,Aarav Desai,Ananya Agarwal
T058,A1001,A1086,434696.81,USD,2025-08-21 01:28:05,Transfer,USA,Mobile,High,Placement,1,3,13,9119.8,47.67,0,3,0.3,0,0.7,Aryan Reddy,Pooja Desai
T059,A1037,A1058,440435.22,USD,2025-08-06 21:28:17,Transfer,CaymanIslands,ATM,High,Placement,1,1,5,11241.36,39.18,8,6,0.95,0,0.97,Isha Sharma,Ananya Ghosh
T060,A1015,A1061,473535.67,BTC,2025-08-08 11:23:21,Online Payment,CaymanIslands,Mobile,High,Placement,1,5,9,8602.06,55.05,7,7,0.95,0,0.96,Aarav Nair,Diya Desai
T061,A1050,A1025,460941.89,BTC,2025-08-07 15:02:37,Transfer,UK,Crypto Exchange,Medium,Placement,1,4,8,16500.71,27.93,4,4,0.3,0,0.66,Isha Reddy,Kavya Iyer
T062,A1085,A1063,432643.77,USD,2025-08-24 12:17:55,Withdrawal,UK,Crypto Exchange,Medium,Placement,1,2,5,19625.11,22.05,3,9,0.3,0,1.0,Aarav Chopra,Vivaan Patel
T063,A1053,A1006,159156.35,USD,2025-08-19 12:09:59,Online Payment,CaymanIslands,ATM,Medium,Layering,1,0,2,10294.68,15.46,9,5,0.95,0,0.97,Rohan Agarwal,Ishaan Bhatia
T064,A1057,A1013,263022.95,USD,2025-08-01 17:52:52,Deposit,UAE,ATM,Low,Placement,1,3,7,7101.94,37.04,6,10,0.6,0,0.72,Aarav Verma,Aryan Verma
T065,A1087,A1069,190066.7,USD,2025-08-24 16:30:00,Transfer,Singapore,Bank,Low,Normal,0,2,5,15061.94,12.62,6,1,0.4,0,0.11,Isha Bhatia,Pooja Reddy
T066,A1013,A1058,83265.76,USD,2025-08-02 09:43:33,Transfer,UK,Bank,Medium,Normal,0,2,7,8898.39,9.36,3,8,0.3,0,0.34,Aryan Verma,Ananya Ghosh
T067,A1024,A1022,87617.17,BTC,2025-08-19 13:41:47,Deposit,UAE,ATM,Low,Normal,0,3,13,5452.56,16.07,4,10,0.6,1,0.17,Riya Sharma,Sneha Reddy
T068,A1037,A1088,273344.41,INR,2025-08-22 10:39:08,Withdrawal,Singapore,Mobile,High,Placement,1,3,7,9408.3,29.05,4,3,0.4,0,1.0,Isha Sharma,Vivaan Kulkarni
T069,A1014,A1032,190744.01,USD,2025-08-15 08:42:58,Withdrawal,India,Crypto Exchange,Medium,Layering,1,0,9,17368.81,10.98,0,9,0.2,0,0.76,Rohan Iyer,Pooja Nair
T070,A1037,A1030,303571.79,USD,2025-08-11 15:09:31,Deposit,Singapore,Mobile,High,Placement,1,5,15,13776.67,22.04,2,10,0.4,0,0.68,Isha Sharma,Riya Kapoor
T071,A1006,A1041,394326.38,INR,2025-08-18 17:05:38,Deposit,India,Mobile,Medium,Placement,1,5,11,3924.98,100.47,2,8,0.2,0,0.78,Ishaan Bhatia,Aarav Agarwal
T072,A1065,A1035,415253.26,USD,2025-08-24 09:23:36,Withdrawal,CaymanIslands,Mobile,Low,Placement,1,3,4,3244.76,127.98,3,10,0.95,0,0.73,Isha Bhatia,Riya Desai
T073,A1072,A1047,45242.41,USD,2025-08-01 16:12:59,Withdrawal,Singapore,Bank,Medium,Normal,0,2,12,15105.73,3.0,4,9,0.4,0,0.16,Priya Naidu,Aditya Desai
T074,A1048,A1014,337450.79,USD,2025-08-02 05:09:20,Withdrawal,Singapore,ATM,High,Placement,1,0,10,16565.18,20.37,4,10,0.4,0,0.62,Sneha Kulkarni,Rohan Iyer
T075,A1005,A1040,497964.09,INR,2025-08-05 17:14:12,Deposit,Singapore,ATM,Medium,Placement,1,3,8,13574.48,36.68,8,6,0.4,0,0.84,Rohan Kulkarni,Kavya Reddy
T076,A1054,A1085,49600.92,USD,2025-08-20 19:29:22,Withdrawal,India,Mobile,Low,Normal,0,3,10,19035.83,2.61,5,1,0.2,0,0.07,Vihaan Bhatia,Aarav Chopra
T077,A1083,A1046,30368.99,USD,2025-08-10 05:08:34,Transfer,Switzerland,Crypto Exchange,Low,Layering,1,5,8,13013.24,2.33,9,0,0.9,0,0.89,Krishna Bhatia,Priya Sharma
T078,A1017,A1074,102682.27,BTC,2025-08-11 01:21:20,Deposit,Switzerland,ATM,Medium,Layering,1,1,10,555.29,184.92,2,2,0.9,0,1.0,Sneha Patel,Aryan Verma
T079,A1015,A1086,433237.3,INR,2025-08-01 17:18:48,Withdrawal,Switzerland,ATM,High,Placement,1,2,2,3897.8,111.15,0,2,0.9,0,0.77,Aarav Nair,Pooja Desai
T080,A1096,A1009,238175.36,USD,2025-08-25 21:57:56,Transfer,UAE,ATM,High,Placement,1,0,10,10668.3,22.33,7,10,0.6,0,0.39,Vivaan Kulkarni,Riya Mehta
T081,A1062,A1052,213194.18,INR,2025-08-24 19:12:16,Online Payment,India,Bank,Medium,Placement,1,4,6,1780.8,119.72,4,9,0.2,0,0.57,Kavya Joshi,Vihaan Agarwal
T082,A1042,A1050,497314.42,BTC,2025-08-15 07:34:50,Online Payment,Singapore,Crypto Exchange,Low,Placement,1,5,6,17129.46,29.03,10,8,0.4,0,0.51,Aarav Joshi,Isha Reddy
T083,A1058,A1030,206965.4,USD,2025-08-20 08:33:15,Online Payment,CaymanIslands,Bank,Medium,Placement,1,3,8,13469.6,15.37,5,2,0.95,0,0.82,Ananya Ghosh,Riya Kapoor
T084,A1012,A1011,46705.73,INR,2025-08-19 02:09:54,Deposit,Singapore,Bank,High,Normal,0,4,12,6928.1,6.74,1,6,0.4,0,0.12,Sneha Patel,Rohan Verma
T085,A1097,A1055,434059.27,BTC,2025-08-03 11:56:20,Withdrawal,Singapore,Mobile,Medium,Placement,1,0,9,10394.54,41.76,2,10,0.4,0,0.75,Diya Chopra,Aryan Bhatia
T086,A1045,A1073,183843.77,USD,2025-08-11 23:29:39,Online Payment,Switzerland,Bank,High,Layering,1,5,9,1064.59,172.69,4,4,0.9,0,0.77,Sneha Reddy,Sneha Kulkarni
T087,A1024,A1019,283203.92,USD,2025-08-04 09:04:22,Deposit,CaymanIslands,Bank,Low,Placement,1,5,13,4695.09,60.32,6,7,0.95,0,0.67,Riya Sharma,Vivaan Verma
T088,A1093,A1042,388440.13,BTC,2025-08-05 02:58:55,Transfer,USA,ATM,High,Placement,1,0,10,2090.84,185.78,7,10,0.3,0,0.85,Ananya Reddy,Aarav Joshi
T089,A1054,A1035,107862.93,BTC,2025-08-06 12:36:25,Withdrawal,UAE,Bank,Medium,Normal,0,4,11,10775.22,10.01,4,0,0.6,0,0.4,Vihaan Bhatia,Riya Desai
T090,A1008,A1001,102291.12,INR,2025-08-07 15:53:24,Withdrawal,UK,Mobile,Low,Normal,0,5,11,3926.05,26.05,6,8,0.3,0,0.18,Aryan Kulkarni,Aryan Reddy
T091,A1086,A1046,36130.54,BTC,2025-08-03 01:17:08,Online Payment,India,Crypto Exchange,Low,Layering,1,2,11,8871.04,4.07,6,10,0.2,0,0.58,Pooja Desai,Priya Sharma
T092,A1003,A1043,86019.4,BTC,2025-08-23 08:03:06,Withdrawal,India,Crypto Exchange,Low,Layering,1,1,7,11982.99,7.18,8,1,0.2,0,0.6,Aryan Reddy,Sneha Kapoor
T093,A1044,A1029,166601.0,INR,2025-08-04 16:59:18,Transfer,Singapore,ATM,Medium,Normal,0,5,7,5107.24,32.62,2,4,0.4,0,0.27,Ananya Agarwal,Ishaan Reddy
T094,A1098,A1099,327788.95,INR,2025-08-24 23:41:17,Online Payment,Switzerland,Crypto Exchange,High,Placement,1,4,14,12888.32,25.43,9,5,0.9,0,0.79,Aditya Kulkarni,Ishaan Ghosh
T095,A1020,A1058,34236.3,USD,2025-08-15 16:48:40,Withdrawal,Singapore,Bank,Medium,Normal,0,4,5,6552.95,5.22,7,0,0.4,0,0.33,Aditya Chopra,Ananya Ghosh
T096,A1010,A1084,432138.59,INR,2025-08-25 14:46:36,Online Payment,UAE,Bank,Medium,Placement,1,4,14,4170.67,103.61,9,7,0.6,0,1.0,Vihaan Kulkarni,Riya Kapoor
T097,A1058,A1014,405502.31,USD,2025-08-05 02:15:02,Deposit,India,ATM,High,Placement,1,3,10,10719.34,37.83,9,2,0.2,0,1.0,Ananya Ghosh,Rohan Iyer
T098,A1050,A1054,387254.95,BTC,2025-08-03 13:00:36,Withdrawal,India,Mobile,Low,Placement,1,4,14,8038.0,48.18,4,10,0.2,0,0.64,Isha Reddy,Vihaan Bhatia
T099,A1020,A1044,40842.84,BTC,2025-08-07 20:46:33,Withdrawal,UK,Crypto Exchange,Low,Layering,1,4,5,6536.85,6.25,6,10,0.3,0,0.83,Aditya Chopra,Ananya Agarwal
T100,A1086,A1091,414496.59,BTC,2025-08-05 12:52:50,Online Payment,Singapore,Mobile,Low,Placement,1,2,6,4015.13,103.23,3,5,0.4,0,0.66,Pooja Desai,Isha Desai
T101,A1029,A1018,77557.09,USD,2025-08-05 21:50:15,Transfer,CaymanIslands,Mobile,High,Layering,1,1,10,7846.04,9.88,2,2,0.95,0,0.84,Ishaan Reddy,Kavya Kapoor
T102,A1022,A1094,218892.94,USD,2025-08-18 16:26:22,Deposit,UAE,Mobile,High,Placement,1,3,6,10913.22,20.06,4,7,0.6,0,0.85,Sneha Reddy,Diya Chopra
T103,A1087,A1074,492221.45,USD,2025-08-14 16:17:16,Online Payment,Singapore,Crypto Exchange,Low,Placement,1,1,10,3198.77,153.88,4,0,0.4,0,0.77,Isha Bhatia,Aryan Verma
T104,A1071,A1014,355729.35,BTC,2025-08-07 01:15:36,Withdrawal,India,ATM,Medium,Placement,1,3,11,3373.3,105.45,6,1,0.2,0,0.56,Riya Kulkarni,Rohan Iyer
T105,A1058,A1045,465242.92,USD,2025-08-03 14:02:55,Online Payment,Singapore,Mobile,Low,Placement,1,3,4,7810.8,59.56,0,5,0.4,0,0.88,Ananya Ghosh,Sneha Reddy
T106,A1084,A1043,395711.18,INR,2025-08-02 20:37:35,Withdrawal,Switzerland,Crypto Exchange,High,Placement,1,1,8,9247.73,42.79,0,1,0.9,1,0.58,Riya Kapoor,Sneha Kapoor
T107,A1020,A1072,470118.95,BTC,2025-08-21 13:07:39,Transfer,Switzerland,Mobile,Low,Placement,1,2,3,1431.11,328.5,6,10,0.9,0,0.64,Aditya Chopra,Priya Naidu
T108,A1015,A1065,298409.85,INR,2025-08-12 17:52:42,Deposit,UK,Crypto Exchange,Low,Placement,1,4,9,5191.0,57.49,6,2,0.3,0,0.64,Aarav Nair,Isha Bhatia
T109,A1047,A1009,476706.5,BTC,2025-08-25 15:04:46,Transfer,UAE,Crypto Exchange,Low,Placement,1,5,11,19630.27,24.28,4,0,0.6,0,0.59,Aditya Desai,Riya Mehta
T110,A1031,A1095,328586.49,INR,2025-08-17 03:24:44,Deposit,India,Mobile,High,Placement,1,2,12,3914.24,83.95,10,7,0.2,0,0.67,Vihaan Chopra,Vihaan Desai
T111,A1024,A1018,31643.96,USD,2025-08-02 19:05:21,Withdrawal,USA,Bank,Low,Normal,0,0,5,18700.73,1.69,8,6,0.3,0,0.07,Riya Sharma,Kavya Kapoor
T112,A1033,A1005,376670.13,INR,2025-08-14 21:20:36,Withdrawal,Switzerland,Bank,High,Placement,1,2,6,2927.26,128.68,5,6,0.9,0,0.97,Diya Nair,Rohan Kulkarni
T113,A1050,A1044,486864.42,USD,2025-08-25 03:39:24,Withdrawal,Switzerland,Mobile,Low,Placement,1,5,11,2039.08,238.77,9,2,0.9,0,0.59,Isha Reddy,Ananya Agarwal
T114,A1011,A1043,330493.52,USD,2025-08-22 15:31:46,Online Payment,USA,Crypto Exchange,Medium,Placement,1,3,3,14672.88,22.52,5,9,0.3,0,1.0,Rohan Verma,Sneha Kapoor
T115,A1008,A1011,335624.83,USD,2025-08-18 15:17:17,Deposit,India,ATM,High,Placement,1,5,12,1178.58,284.77,1,3,0.2,0,0.95,Aryan Kulkarni,Rohan Verma
T116,A1050,A1074,16289.42,INR,2025-08-22 20:11:52,Withdrawal,UK,Crypto Exchange,Low,Layering,1,4,6,10824.47,1.5,6,5,0.3,0,0.81,Isha Reddy,Aryan Verma
T117,A1015,A1004,367863.86,USD,2025-08-19 18:52:22,Transfer,UK,Mobile,High,Placement,1,3,6,19929.12,18.46,4,7,0.3,0,0.73,Aarav Nair,Aryan Iyer
T118,A1010,A1059,86410.92,BTC,2025-08-22 14:35:31,Transfer,Switzerland,Mobile,High,Layering,1,2,3,11224.94,7.7,4,4,0.9,0,1.0,Vihaan Kulkarni,Riya Kapoor
T119,A1090,A1082,87128.1,USD,2025-08-25 16:44:36,Deposit,India,ATM,Low,Normal,0,1,8,1012.54,86.05,8,9,0.2,0,0.45,Krishna Bhatia,Rohan Mehta
T120,A1071,A1017,306012.99,INR,2025-08-04 04:36:07,Withdrawal,UAE,Crypto Exchange,High,Placement,1,3,9,16555.12,18.48,1,2,0.6,0,0.87,Riya Kulkarni,Sneha Patel
T121,A1058,A1061,340086.48,USD,2025-08-07 05:31:14,Deposit,Switzerland,ATM,Medium,Placement,1,4,4,16712.12,20.35,8,2,0.9,0,0.71,Ananya Ghosh,Diya Desai
T122,A1091,A1029,173076.94,BTC,2025-08-14 18:56:24,Transfer,UK,ATM,High,Integration,1,2,4,12687.94,13.64,9,8,0.3,0,1.0,Isha Desai,Ishaan Reddy
T123,A1076,A1075,77181.71,BTC,2025-08-17 09:21:19,Transfer,Switzerland,Bank,Low,Layering,1,0,10,15534.94,4.97,4,10,0.9,0,0.84,Aryan Mehta,Isha Agarwal
T124,A1080,A1083,15239.92,BTC,2025-08-15 01:29:30,Withdrawal,UAE,ATM,High,Normal,0,3,7,9344.11,1.63,0,2,0.6,0,0.15,Aryan Bhatia,Krishna Bhatia
T125,A1027,A1045,303369.47,USD,2025-08-16 12:01:50,Withdrawal,UAE,ATM,Medium,Placement,1,4,12,2570.59,118.02,3,7,0.6,0,0.93,Aditya Naidu,Sneha Reddy
T126,A1019,A1013,25397.59,USD,2025-08-21 07:09:44,Deposit,Switzerland,ATM,Medium,Layering,1,4,9,4201.76,6.04,2,7,0.9,0,0.85,Vivaan Verma,Aryan Verma
T127,A1040,A1065,11685.83,USD,2025-08-25 12:53:07,Online Payment,USA,ATM,High,Normal,0,2,2,1485.54,7.87,7,9,0.3,0,0.06,Kavya Reddy,Isha Bhatia
T128,A1061,A1037,268391.71,INR,2025-08-21 22:04:02,Deposit,UK,Mobile,Medium,Placement,1,2,2,8311.34,32.29,9,8,0.3,0,0.75,Diya Desai,Isha Sharma
T129,A1010,A1051,252177.34,BTC,2025-08-14 13:53:53,Transfer,USA,Bank,Medium,Placement,1,2,7,11377.72,22.16,5,2,0.3,0,0.7,Vihaan Kulkarni,Ananya Kapoor
T130,A1065,A1006,22747.15,INR,2025-08-17 04:01:13,Online Payment,Singapore,Crypto Exchange,Low,Layering,1,4,12,3225.73,7.05,9,5,0.4,0,1.0,Isha Bhatia,Ishaan Bhatia
T131,A1095,A1039,296902.96,BTC,2025-08-25 17:51:35,Online Payment,CaymanIslands,Mobile,Medium,Placement,1,0,5,6959.17,42.66,1,6,0.95,0,0.84,Vihaan Desai,Vivaan Bhatia
T132,A1093,A1089,314667.31,BTC,2025-08-24 00:56:15,Withdrawal,CaymanIslands,ATM,High,Placement,1,0,9,9868.75,31.89,8,10,0.95,0,0.75,Ananya Reddy,Aditya Joshi
T133,A1049,A1019,410848.48,INR,2025-08-02 12:46:56,Transfer,USA,Bank,Medium,Placement,1,2,8,3452.91,118.99,3,6,0.3,0,1.0,Priya Verma,Vivaan Verma
T134,A1061,A1096,363728.31,BTC,2025-08-07 16:52:39,Deposit,Singapore,Mobile,High,Placement,1,3,11,7848.08,46.35,2,7,0.4,0,0.6,Diya Desai,Vivaan Kulkarni
T135,A1046,A1088,386017.69,BTC,2025-08-13 20:00:15,Online Payment,USA,ATM,Medium,Placement,1,4,8,4884.91,79.02,4,4,0.3,0,0.64,Priya Sharma,Vivaan Kulkarni
T136,A1063,A1041,239953.73,BTC,2025-08-14 06:36:04,Withdrawal,India,Crypto Exchange,Medium,Placement,1,2,4,6163.83,38.93,4,1,0.2,0,0.82,Vivaan Patel,Aarav Agarwal
T137,A1033,A1097,239591.72,INR,2025-08-14 03:53:33,Withdrawal,USA,Bank,High,Placement,1,5,14,5166.0,46.38,0,10,0.3,0,0.7,Diya Nair,Diya Chopra
T138,A1030,A1007,50188.96,USD,2025-08-23 22:23:25,Transfer,CaymanIslands,ATM,Low,Layering,1,4,6,8434.7,5.95,7,7,0.95,0,0.88,Riya Kapoor,Kavya Agarwal
T139,A1037,A1043,142779.13,INR,2025-08-05 08:13:45,Deposit,Singapore,Bank,Low,Normal,0,1,1,19944.85,7.16,6,7,0.4,0,0.33,Isha Sharma,Sneha Kapoor
T140,A1038,A1005,4732.66,BTC,2025-08-06 05:00:51,Withdrawal,UK,Crypto Exchange,High,Normal,0,4,12,10131.29,0.47,2,8,0.3,0,0.41,Vivaan Agarwal,Rohan Kulkarni
T141,A1015,A1044,81330.88,USD,2025-08-13 11:44:07,Deposit,India,Mobile,Medium,Normal,0,4,14,15267.01,5.33,2,9,0.2,0,0.32,Aarav Nair,Ananya Agarwal
T142,A1055,A1067,164030.54,USD,2025-08-05 15:07:54,Deposit,USA,Crypto Exchange,Medium,Layering,1,1,1,5585.31,29.37,3,7,0.3,0,0.86,Aryan Bhatia,Aarav Mehta
T143,A1039,A1076,361468.98,INR,2025-08-13 16:43:53,Withdrawal,CaymanIslands,ATM,Low,Placement,1,5,6,9575.2,37.75,2,6,0.95,0,0.78,Vivaan Bhatia,Aryan Mehta
T144,A1091,A1100,155557.88,INR,2025-08-15 07:44:37,Withdrawal,Singapore,ATM,Low,Integration,1,3,5,9372.08,16.6,9,5,0.4,0,0.58,Isha Desai,Krishna Reddy
T145,A1061,A1098,268805.09,BTC,2025-08-11 14:28:04,Deposit,CaymanIslands,Bank,High,Placement,1,3,11,14223.44,18.9,1,9,0.95,0,1.0,Diya Desai,Aditya Kulkarni
T146,A1065,A1026,286393.57,INR,2025-08-08 23:41:58,Withdrawal,Switzerland,Crypto Exchange,Low,Placement,1,5,8,14479.9,19.78,7,1,0.9,0,0.7,Isha Bhatia,Rohan Chopra
T147,A1008,A1060,66058.98,USD,2025-08-23 04:12:31,Transfer,Singapore,Crypto Exchange,High,Layering,1,2,2,8221.0,8.04,0,3,0.4,0,0.49,Aryan Kulkarni,Priya Joshi
T148,A1045,A1091,31973.58,INR,2025-08-04 08:24:47,Online Payment,India,Mobile,Medium,Normal,0,1,3,15433.64,2.07,10,6,0.2,0,0.07,Sneha Reddy,Isha Desai
T149,A1058,A1049,187885.2,BTC,2025-08-07 10:56:39,Withdrawal,India,ATM,High,Normal,0,1,4,16779.02,11.2,0,4,0.2,0,0.21,Ananya Ghosh,Priya Verma
T150,A1055,A1070,189700.31,INR,2025-08-13 00:22:20,Online Payment,UK,ATM,Medium,Normal,0,5,6,1128.24,168.14,10,6,0.3,0,0.36,Aryan Bhatia,Riya Desai
T151,A1003,A1032,103120.2,INR,2025-08-02 15:07:09,Online Payment,Singapore,Bank,Low,Integration,1,3,10,5069.62,20.34,3,0,0.4,0,1.0,Aryan Reddy,Pooja Nair
T152,A1030,A1095,288097.56,BTC,2025-08-16 13:36:06,Deposit,UK,ATM,High,Placement,1,4,7,8564.42,33.64,4,0,0.3,0,0.67,Riya Kapoor,Vihaan Desai
T153,A1095,A1023,313033.97,USD,2025-08-25 01:26:24,Transfer,UK,Crypto Exchange,High,Placement,1,2,8,8461.05,37.0,4,6,0.3,0,0.73,Vihaan Desai,Ananya Naidu
T154,A1031,A1029,150438.14,BTC,2025-08-08 00:10:55,Online Payment,India,Crypto Exchange,Medium,Layering,1,4,12,3114.81,48.3,3,4,0.2,0,0.7,Vihaan Chopra,Ishaan Reddy
T155,A1058,A1048,46322.75,BTC,2025-08-10 05:55:37,Transfer,UK,Crypto Exchange,High,Layering,1,4,13,1271.18,36.44,1,3,0.3,0,0.6,Ananya Ghosh,Sneha Kulkarni
T156,A1086,A1072,108586.56,INR,2025-08-17 03:55:53,Withdrawal,India,ATM,Low,Integration,1,0,7,18331.61,5.92,9,3,0.2,0,0.97,Pooja Desai,Priya Naidu
T157,A1042,A1037,190392.81,BTC,2025-08-18 10:34:03,Withdrawal,UK,Mobile,High,Integration,1,3,4,16154.92,11.79,7,5,0.3,0,0.62,Aarav Joshi,Isha Sharma
T158,A1053,A1006,281306.11,INR,2025-08-08 02:00:44,Transfer,UK,Crypto Exchange,Medium,Placement,1,1,4,6932.37,40.58,6,9,0.3,0,0.99,Rohan Agarwal,Ishaan Bhatia
T159,A1084,A1089,168848.39,USD,2025-08-24 19:35:07,Online Payment,USA,Mobile,Low,Normal,0,4,11,4088.93,41.29,8,10,0.3,0,0.22,Riya Kapoor,Aditya Joshi
T160,A1010,A1087,24352.35,INR,2025-08-21 00:28:18,Deposit,Switzerland,ATM,Low,Layering,1,5,7,678.26,35.9,8,7,0.9,0,0.92,Vihaan Kulkarni,Isha Bhatia
T161,A1086,A1079,456384.45,BTC,2025-08-24 16:23:29,Transfer,India,Crypto Exchange,Low,Placement,1,0,8,14582.76,31.3,8,4,0.2,1,1.0,Pooja Desai,Aditya Agarwal
T162,A1087,A1056,403103.23,INR,2025-08-06 04:40:59,Transfer,Singapore,ATM,Low,Placement,1,1,10,10765.89,37.44,5,4,0.4,0,0.62,Isha Bhatia,Aarav Chopra
T163,A1052,A1060,282544.59,BTC,2025-08-11 23:08:33,Withdrawal,CaymanIslands,Bank,High,Placement,1,5,5,2323.26,121.62,6,6,0.95,0,0.68,Vihaan Agarwal,Priya Joshi
T164,A1002,A1091,85774.65,USD,2025-08-22 01:32:28,Withdrawal,Singapore,Bank,High,Normal,0,0,3,4622.63,18.56,9,7,0.4,0,0.37,Aarav Agarwal,Isha Desai
T165,A1088,A1036,449665.89,BTC,2025-08-02 14:20:00,Deposit,Switzerland,Mobile,Low,Placement,1,1,10,3311.74,135.78,6,1,0.9,0,0.96,Vivaan Kulkarni,Ishaan Nair
T166,A1073,A1050,338549.78,BTC,2025-08-17 02:29:35,Online Payment,Switzerland,ATM,High,Placement,1,5,6,10265.46,32.98,5,0,0.9,0,0.45,Sneha Kulkarni,Isha Reddy
T167,A1010,A1045,302623.85,BTC,2025-08-20 06:11:33,Withdrawal,India,Mobile,Medium,Placement,1,3,6,7438.32,40.68,6,6,0.2,0,0.69,Vihaan Kulkarni,Sneha Reddy
T168,A1049,A1011,386106.49,USD,2025-08-12 23:08:05,Transfer,India,Mobile,Low,Placement,1,3,13,3508.4,110.05,6,5,0.2,0,1.0,Priya Verma,Rohan Verma
T169,A1040,A1058,180022.76,USD,2025-08-05 23:06:29,Deposit,India,ATM,Medium,Normal,0,4,12,8456.86,21.29,0,1,0.2,0,0.05,Kavya Reddy,Ananya Ghosh
T170,A1077,A1042,431872.72,INR,2025-08-15 04:01:36,Online Payment,UAE,Bank,High,Placement,1,4,7,11653.23,37.06,2,10,0.6,0,0.54,Aryan Patel,Aarav Joshi
T171,A1039,A1035,246612.66,INR,2025-08-09 02:48:38,Online Payment,UK,Crypto Exchange,Medium,Placement,1,3,4,7541.94,32.7,3,10,0.3,0,0.82,Vivaan Bhatia,Riya Desai
T172,A1059,A1014,67831.21,INR,2025-08-20 05:00:52,Withdrawal,Switzerland,Crypto Exchange,Medium,Layering,1,3,8,8897.02,7.62,10,9,0.9,0,0.75,Riya Kapoor,Rohan Iyer
T173,A1089,A1026,239556.97,INR,2025-08-20 07:58:57,Withdrawal,UK,Crypto Exchange,High,Placement,1,1,6,7833.08,30.58,6,5,0.3,0,1.0,Aditya Joshi,Rohan Chopra
T174,A1076,A1070,90045.61,BTC,2025-08-02 07:21:34,Online Payment,CaymanIslands,ATM,Medium,Layering,1,2,3,16469.83,5.47,6,10,0.95,0,0.87,Aryan Mehta,Riya Desai
T175,A1031,A1034,329365.62,BTC,2025-08-21 12:58:47,Online Payment,India,Crypto Exchange,High,Placement,1,3,12,8315.7,39.61,8,6,0.2,0,1.0,Vihaan Chopra,Vivaan Iyer
T176,A1047,A1091,447761.21,BTC,2025-08-05 03:00:40,Transfer,Switzerland,ATM,High,Placement,1,5,10,3743.6,119.61,9,0,0.9,0,0.74,Aditya Desai,Isha Desai
T177,A1083,A1052,483408.89,USD,2025-08-21 21:31:01,Transfer,India,Bank,Medium,Placement,1,1,9,15063.63,32.09,8,9,0.2,0,0.42,Krishna Bhatia,Vihaan Agarwal
T178,A1048,A1052,231585.3,BTC,2025-08-25 07:05:05,Deposit,UK,Bank,Medium,Placement,1,0,4,8611.52,26.89,1,1,0.3,0,1.0,Sneha Kulkarni,Vihaan Agarwal
T179,A1045,A1040,171599.03,INR,2025-08-24 10:38:58,Withdrawal,UAE,Bank,Medium,Integration,1,3,8,1809.9,94.81,0,1,0.6,1,0.66,Sneha Reddy,Kavya Reddy
T180,A1014,A1088,400045.06,BTC,2025-08-12 20:10:45,Deposit,Singapore,ATM,Medium,Placement,1,4,10,19190.02,20.85,3,6,0.4,0,0.5,Rohan Iyer,Vivaan Kulkarni
T181,A1085,A1056,197851.63,BTC,2025-08-10 13:53:58,Online Payment,Singapore,Crypto Exchange,Medium,Layering,1,0,3,4512.8,43.84,1,9,0.4,0,1.0,Aarav Chopra,Aarav Chopra
T182,A1024,A1048,163059.86,USD,2025-08-06 12:46:01,Withdrawal,CaymanIslands,Crypto Exchange,High,Layering,1,5,10,12140.93,13.43,9,6,0.95,0,0.57,Riya Sharma,Sneha Kulkarni
T183,A1059,A1081,86346.5,BTC,2025-08-15 10:32:54,Transfer,CaymanIslands,ATM,Medium,Layering,1,0,3,6454.91,13.38,2,5,0.95,0,0.69,Riya Kapoor,Aditya Kulkarni
T184,A1054,A1078,69019.86,USD,2025-08-21 12:52:33,Deposit,UAE,ATM,High,Normal,0,1,8,6132.28,11.26,2,5,0.6,0,0.28,Vihaan Bhatia,Ananya Kulkarni
T185,A1046,A1002,242356.0,INR,2025-08-19 15:19:38,Online Payment,UAE,Crypto Exchange,Medium,Placement,1,5,12,10029.64,24.16,1,9,0.6,1,0.86,Priya Sharma,Aarav Agarwal
T186,A1038,A1005,137498.97,BTC,2025-08-15 00:19:31,Deposit,Switzerland,Crypto Exchange,High,Layering,1,5,12,11219.66,12.26,1,9,0.9,0,0.78,Vivaan Agarwal,Rohan Kulkarni
T187,A1047,A1071,411323.2,INR,2025-08-22 10:13:45,Deposit,UAE,Bank,High,Placement,1,5,8,6305.32,65.23,0,7,0.6,0,1.0,Aditya Desai,Riya Kulkarni
T188,A1012,A1058,432658.71,INR,2025-08-12 12:03:43,Deposit,Switzerland,Mobile,High,Placement,1,4,14,8849.26,48.89,9,2,0.9,0,0.76,Sneha Patel,Ananya Ghosh
T189,A1008,A1074,175472.66,USD,2025-08-09 04:10:25,Withdrawal,CaymanIslands,Mobile,Medium,Layering,1,4,8,19071.75,9.2,8,10,0.95,0,0.82,Aryan Kulkarni,Aryan Verma
T190,A1097,A1053,459392.48,USD,2025-08-07 03:50:07,Deposit,USA,ATM,High,Placement,1,2,5,15348.73,29.93,10,6,0.3,0,1.0,Diya Chopra,Rohan Agarwal
T191,A1035,A1082,207171.12,USD,2025-08-04 15:58:58,Transfer,UAE,Mobile,High,Placement,1,2,9,19029.95,10.89,5,9,0.6,1,0.92,Riya Desai,Rohan Mehta
T192,A1094,A1012,365492.88,USD,2025-08-18 09:21:35,Transfer,Switzerland,Crypto Exchange,Low,Placement,1,3,6,10146.94,36.02,5,4,0.9,0,0.84,Diya Chopra,Sneha Patel
T193,A1073,A1063,394173.0,BTC,2025-08-03 08:24:03,Transfer,India,Crypto Exchange,Low,Placement,1,0,2,9105.08,43.29,0,6,0.2,0,0.71,Sneha Kulkarni,Vivaan Patel
T194,A1017,A1085,151002.57,USD,2025-08-05 12:44:56,Withdrawal,UK,Bank,Medium,Normal,0,5,7,1509.85,100.01,10,4,0.3,0,0.72,Sneha Patel,Aarav Chopra
T195,A1055,A1085,45690.47,INR,2025-08-01 01:15:56,Deposit,UAE,Bank,Low,Normal,0,4,7,10629.16,4.3,7,0,0.6,1,0.12,Aryan Bhatia,Aarav Chopra
T196,A1016,A1056,347046.1,USD,2025-08-04 10:31:15,Deposit,UAE,Bank,High,Placement,1,0,1,6610.35,52.5,4,2,0.6,0,0.91,Priya Kapoor,Aarav Chopra
T197,A1018,A1084,496470.78,INR,2025-08-04 07:42:19,Transfer,Singapore,ATM,Medium,Placement,1,2,5,12747.56,38.95,2,6,0.4,0,0.99,Kavya Kapoor,Riya Kapoor
T198,A1028,A1012,448306.81,INR,2025-08-06 23:29:18,Online Payment,UK,Crypto Exchange,Medium,Placement,1,1,4,5900.87,75.97,1,3,0.3,0,0.7,Kavya Kapoor,Sneha Patel
T199,A1078,A1037,389506.93,BTC,2025-08-02 07:15:09,Withdrawal,USA,ATM,High,Placement,1,3,7,13100.31,29.73,3,7,0.3,0,0.66,Ananya Kulkarni,Isha Sharma
T200,A1082,A1077,35598.9,INR,2025-08-18 12:42:35,Withdrawal,USA,Crypto Exchange,High,Layering,1,3,8,11153.95,3.19,2,7,0.3,0,0.75,Rohan Mehta,Aryan Patel
T201,A1003,A1077,33859.53,USD,2025-08-11 11:21:31,Transfer,India,Crypto Exchange,High,Layering,1,2,12,14396.27,2.35,6,6,0.2,0,0.72,Aryan Reddy,Aryan Patel
T202,A1069,A1070,308061.92,USD,2025-08-05 01:23:51,Withdrawal,India,ATM,Low,Placement,1,4,9,8119.26,37.94,10,10,0.2,0,0.79,Pooja Reddy,Riya Desai
T203,A1090,A1056,365006.19,INR,2025-08-03 19:27:55,Deposit,India,Crypto Exchange,Low,Placement,1,3,12,12372.23,29.5,4,10,0.2,0,0.72,Krishna Bhatia,Aarav Chopra
T204,A1016,A1002,353979.51,BTC,2025-08-01 13:13:27,Deposit,UAE,Mobile,High,Placement,1,4,8,3755.78,94.25,2,4,0.6,0,0.4,Priya Kapoor,Aarav Agarwal
T205,A1004,A1044,403573.21,USD,2025-08-04 02:24:58,Withdrawal,CaymanIslands,Bank,Medium,Placement,1,3,11,7522.42,53.65,7,9,0.95,0,0.38,Aryan Iyer,Ananya Agarwal
T206,A1099,A1014,447144.78,BTC,2025-08-06 14:22:24,Deposit,CaymanIslands,Bank,Low,Placement,1,0,3,1396.64,320.16,5,6,0.95,0,0.53,Ishaan Ghosh,Rohan Iyer
T207,A1005,A1072,401577.43,BTC,2025-08-21 08:36:02,Deposit,UK,ATM,Medium,Placement,1,5,10,5789.53,69.36,1,9,0.3,0,0.77,Rohan Kulkarni,Priya Naidu
T208,A1007,A1024,111670.21,BTC,2025-08-03 05:30:38,Online Payment,India,Crypto Exchange,Medium,Layering,1,2,7,2184.52,51.12,7,0,0.2,0,0.95,Kavya Agarwal,Riya Sharma
T209,A1039,A1096,311396.49,USD,2025-08-18 21:04:11,Online Payment,Switzerland,ATM,High,Placement,1,4,7,3436.04,90.63,6,0,0.9,0,0.75,Vivaan Bhatia,Vivaan Kulkarni
T210,A1089,A1002,475500.03,INR,2025-08-19 06:23:31,Withdrawal,India,ATM,High,Placement,1,1,7,10094.56,47.1,0,2,0.2,0,0.59,Aditya Joshi,Aarav Agarwal
T211,A1030,A1068,206587.1,USD,2025-08-23 06:08:32,Transfer,Singapore,Bank,High,Placement,1,1,11,16489.28,12.53,1,9,0.4,0,0.88,Riya Kapoor,Riya Reddy
T212,A1017,A1032,145908.84,USD,2025-08-20 01:49:22,Withdrawal,UK,Crypto Exchange,Medium,Layering,1,1,2,18899.32,7.72,2,9,0.3,0,0.71,Sneha Patel,Pooja Nair
T213,A1058,A1061,157085.24,INR,2025-08-18 09:26:06,Deposit,UAE,Mobile,Medium,Normal,0,0,1,3573.5,43.96,10,4,0.6,0,0.22,Ananya Ghosh,Diya Desai
T214,A1006,A1029,417978.78,USD,2025-08-08 04:48:35,Transfer,CaymanIslands,ATM,Medium,Placement,1,3,11,1454.54,287.36,4,4,0.95,0,0.46,Ishaan Bhatia,Ishaan Reddy
T215,A1052,A1059,278021.29,BTC,2025-08-13 03:05:57,Transfer,UAE,Bank,Low,Placement,1,0,0,1702.55,163.3,3,2,0.6,0,0.89,Vihaan Agarwal,Riya Kapoor
T216,A1088,A1081,468793.69,INR,2025-08-13 13:32:52,Transfer,India,Bank,Low,Placement,1,5,12,16281.32,28.79,1,5,0.2,0,0.98,Vivaan Kulkarni,Aditya Kulkarni
T217,A1007,A1023,462073.45,USD,2025-08-20 04:12:24,Online Payment,India,Crypto Exchange,High,Placement,1,3,5,7401.89,62.43,2,4,0.2,0,0.74,Kavya Agarwal,Ananya Naidu
T218,A1005,A1080,309626.36,INR,2025-08-15 07:49:20,Online Payment,UAE,Crypto Exchange,Low,Placement,1,0,4,7968.8,38.85,6,3,0.6,0,0.94,Rohan Kulkarni,Aryan Bhatia
T219,A1032,A1082,497044.23,BTC,2025-08-01 22:45:14,Online Payment,Switzerland,Mobile,Medium,Placement,1,4,11,7208.67,68.95,9,8,0.9,0,0.58,Pooja Nair,Rohan Mehta
T220,A1004,A1042,298598.46,INR,2025-08-14 15:18:37,Transfer,Switzerland,Crypto Exchange,High,Placement,1,2,11,19992.31,14.94,2,1,0.9,0,0.92,Aryan Iyer,Aarav Joshi
T221,A1069,A1096,28048.74,INR,2025-08-19 20:32:42,Withdrawal,Switzerland,ATM,Low,Layering,1,1,10,6701.09,4.19,5,9,0.9,1,0.72,Pooja Reddy,Vivaan Kulkarni
T222,A1073,A1074,71136.93,INR,2025-08-24 21:29:08,Withdrawal,USA,Crypto Exchange,Low,Layering,1,0,0,5036.16,14.13,3,0,0.3,0,0.74,Sneha Kulkarni,Aryan Verma
T223,A1079,A1026,403242.06,USD,2025-08-09 14:45:20,Withdrawal,India,Bank,Low,Placement,1,4,6,15600.15,25.85,8,5,0.2,0,1.0,Aditya Agarwal,Rohan Chopra
T224,A1085,A1051,293049.73,USD,2025-08-15 15:34:54,Withdrawal,USA,ATM,High,Placement,1,3,13,19232.91,15.24,10,5,0.3,0,0.89,Aarav Chopra,Ananya Kapoor
T225,A1089,A1079,393517.2,INR,2025-08-09 12:17:58,Online Payment,UK,Mobile,Low,Placement,1,1,1,19001.37,20.71,9,6,0.3,0,0.87,Aditya Joshi,Aditya Agarwal
T226,A1073,A1005,91122.67,USD,2025-08-11 17:21:41,Transfer,UAE,ATM,Medium,Normal,0,5,6,5140.92,17.72,5,2,0.6,0,0.34,Sneha Kulkarni,Rohan Kulkarni
T227,A1091,A1086,319587.43,USD,2025-08-22 16:21:41,Transfer,UK,ATM,Low,Placement,1,5,6,7334.38,43.57,1,0,0.3,1,0.78,Isha Desai,Pooja Desai
T228,A1054,A1022,442287.54,USD,2025-08-19 09:13:55,Withdrawal,Singapore,Crypto Exchange,Low,Placement,1,3,12,13193.91,33.52,10,3,0.4,0,0.41,Vihaan Bhatia,Sneha Reddy
T229,A1005,A1039,10136.99,USD,2025-08-06 02:00:48,Transfer,UK,ATM,Medium,Normal,0,1,2,11167.4,0.91,1,5,0.3,0,0.2,Rohan Kulkarni,Vivaan Bhatia
T230,A1062,A1092,15593.5,BTC,2025-08-09 00:14:08,Online Payment,USA,Bank,Low,Normal,0,2,5,19500.77,0.8,6,8,0.3,0,0.47,Kavya Joshi,Priya Joshi
T231,A1034,A1086,140833.38,INR,2025-08-05 15:45:00,Transfer,UAE,Crypto Exchange,Low,Layering,1,0,5,574.4,245.18,1,4,0.6,0,0.77,Vivaan Iyer,Pooja Desai
T232,A1062,A1026,48583.75,INR,2025-08-09 07:02:02,Withdrawal,India,Crypto Exchange,Low,Layering,1,2,8,9683.42,5.02,10,4,0.2,0,1.0,Kavya Joshi,Rohan Chopra
T233,A1024,A1049,442757.8,USD,2025-08-10 01:23:05,Online Payment,India,Mobile,Medium,Placement,1,3,7,4911.72,90.14,4,9,0.2,0,1.0,Riya Sharma,Priya Verma
T234,A1086,A1013,42945.09,USD,2025-08-21 02:19:45,Deposit,Singapore,Bank,Medium,Normal,0,4,10,19329.74,2.22,10,7,0.4,0,0.23,Pooja Desai,Aryan Verma
T235,A1039,A1011,197462.7,BTC,2025-08-02 16:27:41,Deposit,India,Crypto Exchange,Low,Layering,1,1,4,16264.98,12.14,2,0,0.2,0,0.89,Vivaan Bhatia,Rohan Verma
T236,A1056,A1026,498634.89,BTC,2025-08-08 04:17:26,Withdrawal,UK,Bank,Low,Placement,1,3,11,8248.42,60.45,5,4,0.3,0,0.78,Aarav Chopra,Rohan Chopra
T237,A1002,A1091,311566.66,BTC,2025-08-21 08:51:44,Transfer,UAE,ATM,Low,Placement,1,4,13,11862.2,26.27,1,1,0.6,0,0.46,Aarav Agarwal,Isha Desai
T238,A1037,A1070,440079.88,USD,2025-08-13 19:44:29,Online Payment,CaymanIslands,Crypto Exchange,High,Placement,1,4,11,1230.58,357.62,4,6,0.95,0,0.77,Isha Sharma,Riya Desai
T239,A1089,A1052,19487.39,USD,2025-08-12 12:47:59,Transfer,CaymanIslands,Crypto Exchange,Medium,Layering,1,2,2,7088.39,2.75,4,4,0.95,0,0.67,Aditya Joshi,Vihaan Agarwal
T240,A1090,A1088,49198.87,INR,2025-08-07 12:34:13,Withdrawal,CaymanIslands,Crypto Exchange,Medium,Layering,1,2,8,12297.09,4.0,1,3,0.95,0,0.9,Krishna Bhatia,Vivaan Kulkarni
T241,A1053,A1096,242281.72,BTC,2025-08-19 03:38:13,Transfer,Singapore,ATM,Low,Placement,1,2,10,8366.01,28.96,8,9,0.4,1,0.82,Rohan Agarwal,Vivaan Kulkarni
T242,A1026,A1008,124820.18,USD,2025-08-03 10:54:20,Withdrawal,CaymanIslands,ATM,Medium,Layering,1,2,9,10349.96,12.06,10,1,0.95,0,0.7,Rohan Chopra,Aryan Kulkarni
T243,A1063,A1078,223107.11,USD,2025-08-17 23:29:59,Withdrawal,USA,Mobile,High,Placement,1,5,6,6058.85,36.82,6,0,0.3,0,0.94,Vivaan Patel,Ananya Kulkarni
T244,A1028,A1030,323725.21,BTC,2025-08-11 00:51:32,Withdrawal,CaymanIslands,Crypto Exchange,High,Placement,1,0,10,673.51,480.65,2,10,0.95,0,0.86,Kavya Kapoor,Riya Kapoor
T245,A1029,A1034,304211.11,USD,2025-08-14 08:50:21,Online Payment,UAE,Mobile,Medium,Placement,1,2,5,9600.61,31.69,10,8,0.6,0,0.76,Ishaan Reddy,Vivaan Iyer
T246,A1014,A1001,255805.71,BTC,2025-08-19 04:00:33,Withdrawal,UK,Bank,Medium,Placement,1,0,5,19773.04,12.94,10,5,0.3,0,0.63,Rohan Iyer,Aryan Reddy
T247,A1092,A1084,149465.68,INR,2025-08-12 15:58:19,Transfer,Switzerland,Crypto Exchange,High,Layering,1,2,12,3228.63,46.29,0,10,0.9,0,0.65,Priya Joshi,Riya Kapoor
T248,A1054,A1052,194198.63,INR,2025-08-10 05:16:01,Withdrawal,CaymanIslands,ATM,High,Layering,1,4,14,15805.49,12.29,10,5,0.95,0,1.0,Vihaan Bhatia,Vihaan Agarwal
T249,A1085,A1072,90649.82,INR,2025-08-23 20:29:58,Deposit,CaymanIslands,Mobile,High,Layering,1,4,6,18965.01,4.78,5,10,0.95,0,0.63,Aarav Chopra,Priya Naidu
T250,A1096,A1040,210294.24,USD,2025-08-19 01:02:29,Withdrawal,Singapore,Mobile,Medium,Placement,1,0,7,1546.7,135.96,10,9,0.4,0,0.88,Vivaan Kulkarni,Kavya Reddy
T251,A1061,A1025,250288.64,BTC,2025-08-19 12:40:36,Withdrawal,UAE,Bank,Low,Placement,1,1,4,7182.06,34.85,9,7,0.6,0,0.8,Diya Desai,Kavya Iyer
T252,A1024,A1011,243841.66,BTC,2025-08-09 14:00:54,Withdrawal,CaymanIslands,Bank,Low,Placement,1,3,7,4582.96,53.21,2,9,0.95,0,1.0,Riya Sharma,Rohan Verma
T253,A1098,A1012,64790.04,USD,2025-08-21 20:17:54,Online Payment,UAE,Crypto Exchange,Medium,Layering,1,0,0,10908.76,5.94,5,0,0.6,0,0.74,Aditya Kulkarni,Sneha Patel
T254,A1068,A1025,9056.27,INR,2025-08-13 01:53:59,Deposit,CaymanIslands,Mobile,Medium,Normal,0,1,2,7979.23,1.13,9,4,0.95,0,0.15,Riya Reddy,Kavya Iyer
T255,A1039,A1038,228017.56,BTC,2025-08-17 09:36:23,Online Payment,CaymanIslands,ATM,Medium,Placement,1,3,8,15127.25,15.07,2,6,0.95,1,0.86,Vivaan Bhatia,Vivaan Agarwal
T256,A1017,A1029,367064.9,BTC,2025-08-25 11:56:26,Deposit,India,Mobile,High,Placement,1,5,5,7816.25,46.96,10,4,0.2,0,0.9,Sneha Patel,Ishaan Reddy
T257,A1077,A1007,331018.76,BTC,2025-08-01 23:00:02,Transfer,CaymanIslands,Bank,Medium,Placement,1,3,9,2910.1,113.75,4,7,0.95,0,0.61,Aryan Patel,Kavya Agarwal
T258,A1088,A1081,4751.34,USD,2025-08-05 21:39:00,Withdrawal,Singapore,ATM,Medium,Normal,0,0,8,14515.94,0.33,1,4,0.4,0,0.38,Vivaan Kulkarni,Aditya Kulkarni
T259,A1026,A1079,99954.72,USD,2025-08-10 18:57:58,Withdrawal,CaymanIslands,Crypto Exchange,Medium,Layering,1,1,1,11188.71,8.93,3,7,0.95,0,0.55,Rohan Chopra,Aditya Agarwal
T260,A1086,A1012,453449.33,BTC,2025-08-24 23:40:22,Deposit,India,Bank,High,Placement,1,5,6,18143.2,24.99,10,3,0.2,0,0.88,Pooja Desai,Sneha Patel
T261,A1034,A1061,25135.09,INR,2025-08-02 21:57:22,Withdrawal,UK,Mobile,Medium,Normal,0,5,6,2352.47,10.68,0,0,0.3,0,0.22,Vivaan Iyer,Diya Desai
T262,A1022,A1044,178827.95,USD,2025-08-14 00:36:11,Transfer,UK,Mobile,Low,Normal,0,3,10,5800.75,30.83,6,7,0.3,0,0.55,Sneha Reddy,Ananya Agarwal
T263,A1022,A1015,66342.54,BTC,2025-08-03 20:19:40,Deposit,India,Crypto Exchange,High,Layering,1,3,12,13728.67,4.83,2,9,0.2,0,0.88,Sneha Reddy,Aarav Nair
T264,A1004,A1089,439987.13,BTC,2025-08-07 08:13:28,Online Payment,UAE,Bank,Medium,Placement,1,3,3,1735.05,253.59,10,5,0.6,1,0.98,Aryan Iyer,Aditya Joshi
T265,A1068,A1100,371837.54,BTC,2025-08-11 20:57:40,Withdrawal,Singapore,Bank,Medium,Placement,1,5,8,9897.63,37.57,10,10,0.4,0,0.64,Riya Reddy,Krishna Reddy
T266,A1072,A1080,27377.6,BTC,2025-08-08 14:50:01,Online Payment,Switzerland,Crypto Exchange,Low,Layering,1,0,7,6752.36,4.05,5,4,0.9,0,0.59,Priya Naidu,Aryan Bhatia
T267,A1083,A1049,201698.17,INR,2025-08-04 19:50:39,Online Payment,UAE,Crypto Exchange,Low,Placement,1,3,10,6663.2,30.27,7,10,0.6,1,0.66,Krishna Bhatia,Priya Verma
T268,A1005,A1073,274594.48,INR,2025-08-15 18:52:56,Deposit,CaymanIslands,Crypto Exchange,Medium,Placement,1,2,2,16423.48,16.72,7,5,0.95,0,0.97,Rohan Kulkarni,Sneha Kulkarni
T269,A1061,A1093,328617.89,BTC,2025-08-22 23:14:18,Transfer,India,ATM,Low,Placement,1,2,7,16682.74,19.7,4,8,0.2,0,0.68,Diya Desai,Ananya Reddy
T270,A1006,A1023,246261.83,BTC,2025-08-20 20:45:54,Transfer,UK,ATM,Low,Placement,1,0,6,4704.0,52.35,3,5,0.3,0,0.53,Ishaan Bhatia,Ananya Naidu
T271,A1082,A1088,294446.67,USD,2025-08-23 04:53:43,Deposit,UAE,Bank,High,Placement,1,5,5,11287.91,26.09,6,9,0.6,0,0.88,Rohan Mehta,Vivaan Kulkarni
T272,A1023,A1090,289319.34,BTC,2025-08-07 05:34:32,Transfer,UAE,Mobile,High,Placement,1,3,9,19600.26,14.76,3,4,0.6,0,0.62,Ananya Naidu,Krishna Bhatia
T273,A1038,A1059,402417.94,INR,2025-08-21 00:52:59,Withdrawal,Switzerland,Mobile,High,Placement,1,5,13,12835.37,31.35,3,3,0.9,0,0.89,Vivaan Agarwal,Riya Kapoor
T274,A1045,A1088,66422.6,BTC,2025-08-09 15:10:00,Withdrawal,CaymanIslands,Bank,Medium,Layering,1,4,11,11864.72,5.6,10,6,0.95,0,1.0,Sneha Reddy,Vivaan Kulkarni
T275,A1069,A1037,438750.87,USD,2025-08-01 14:52:43,Transfer,India,Crypto Exchange,Low,Placement,1,0,10,1603.79,273.57,4,2,0.2,0,0.85,Pooja Reddy,Isha Sharma
T276,A1019,A1008,345328.37,USD,2025-08-10 21:40:41,Transfer,UK,Crypto Exchange,Low,Placement,1,4,14,14920.1,23.15,3,10,0.3,0,0.84,Vivaan Verma,Aryan Kulkarni
T277,A1090,A1037,346498.74,INR,2025-08-19 12:34:33,Online Payment,UAE,Mobile,High,Placement,1,0,0,15001.56,23.1,3,9,0.6,0,1.0,Krishna Bhatia,Isha Sharma
T278,A1057,A1029,455752.04,BTC,2025-08-18 20:26:58,Deposit,Switzerland,ATM,Medium,Placement,1,3,5,19677.34,23.16,1,2,0.9,0,1.0,Aarav Verma,Ishaan Reddy
T279,A1016,A1050,20413.05,USD,2025-08-13 19:51:41,Deposit,USA,Mobile,Low,Normal,0,2,9,14338.94,1.42,2,0,0.3,0,0.2,Priya Kapoor,Isha Reddy
T280,A1007,A1082,307842.78,BTC,2025-08-15 14:52:14,Online Payment,Switzerland,Mobile,Low,Placement,1,5,10,10745.2,28.65,2,8,0.9,0,0.56,Kavya Agarwal,Rohan Mehta
T281,A1054,A1071,268564.27,INR,2025-08-17 23:05:02,Deposit,USA,Mobile,Medium,Placement,1,2,6,4759.68,56.42,9,8,0.3,0,0.54,Vihaan Bhatia,Riya Kulkarni
T282,A1097,A1084,4500.97,BTC,2025-08-17 19:07:39,Online Payment,USA,ATM,Low,Normal,0,5,10,7936.77,0.57,1,6,0.3,0,0.44,Diya Chopra,Riya Kapoor
T283,A1004,A1068,411072.32,USD,2025-08-25 23:12:48,Online Payment,UAE,Bank,Medium,Placement,1,5,8,6746.1,60.93,1,1,0.6,0,0.94,Aryan Iyer,Riya Reddy
T284,A1069,A1070,3764.56,INR,2025-08-11 05:34:41,Deposit,Switzerland,Crypto Exchange,Low,Normal,0,1,9,16660.6,0.23,6,10,0.9,0,0.12,Pooja Reddy,Riya Desai
T285,A1088,A1020,11974.1,BTC,2025-08-17 02:28:35,Transfer,India,Bank,Low,Normal,0,1,5,11382.64,1.05,9,3,0.2,0,0.29,Vivaan Kulkarni,Aditya Chopra
T286,A1058,A1082,202283.57,USD,2025-08-01 19:40:45,Online Payment,CaymanIslands,Bank,High,Placement,1,0,10,14545.57,13.91,1,9,0.95,1,0.89,Ananya Ghosh,Rohan Mehta
T287,A1046,A1066,53157.16,BTC,2025-08-15 15:05:56,Transfer,UK,Crypto Exchange,Medium,Layering,1,3,13,1100.97,48.28,2,8,0.3,0,0.87,Priya Sharma,Vihaan Nair
T288,A1070,A1038,480071.12,INR,2025-08-15 11:15:39,Withdrawal,India,ATM,Low,Placement,1,0,0,11668.01,41.14,6,8,0.2,0,0.57,Riya Desai,Vivaan Agarwal
T289,A1027,A1097,370741.1,BTC,2025-08-17 16:36:58,Deposit,UAE,ATM,Low,Placement,1,1,4,12529.26,29.59,4,3,0.6,0,0.97,Aditya Naidu,Diya Chopra
T290,A1073,A1007,425708.72,BTC,2025-08-23 09:24:46,Transfer,UK,Bank,Medium,Placement,1,0,3,14648.99,29.06,7,5,0.3,0,0.69,Sneha Kulkarni,Kavya Agarwal
T291,A1031,A1013,142640.06,INR,2025-08-10 09:26:31,Withdrawal,UAE,Crypto Exchange,Medium,Layering,1,4,14,6460.67,22.08,9,2,0.6,0,0.69,Vihaan Chopra,Aryan Verma
T292,A1041,A1056,84402.89,USD,2025-08-12 22:48:53,Deposit,CaymanIslands,Crypto Exchange,Medium,Layering,1,2,4,13751.81,6.14,5,7,0.95,0,0.61,Aarav Agarwal,Aarav Chopra
T293,A1040,A1064,275880.75,INR,2025-08-04 23:30:22,Withdrawal,Switzerland,ATM,High,Placement,1,1,5,14804.12,18.64,10,1,0.9,0,1.0,Kavya Reddy,Pooja Joshi
T294,A1065,A1082,15694.0,BTC,2025-08-20 16:00:57,Deposit,India,Mobile,High,Normal,0,4,11,13251.21,1.18,2,5,0.2,0,0.16,Isha Bhatia,Rohan Mehta
T295,A1076,A1095,428596.36,INR,2025-08-23 13:24:57,Transfer,UAE,Mobile,High,Placement,1,0,10,5158.18,83.09,9,10,0.6,0,0.6,Aryan Mehta,Vihaan Desai
T296,A1058,A1021,89654.68,BTC,2025-08-08 02:20:03,Online Payment,UK,Bank,Low,Normal,0,3,6,1725.79,51.95,5,3,0.3,1,0.33,Ananya Ghosh,Aarav Desai
T297,A1047,A1051,234890.15,USD,2025-08-03 06:06:12,Transfer,CaymanIslands,Mobile,Low,Placement,1,5,13,12854.56,18.27,4,4,0.95,0,0.83,Aditya Desai,Ananya Kapoor
T298,A1049,A1085,189321.41,BTC,2025-08-04 18:41:14,Withdrawal,UAE,ATM,High,Normal,0,2,9,15956.82,11.86,9,0,0.6,0,0.08,Priya Verma,Aarav Chopra
T299,A1022,A1031,38636.4,BTC,2025-08-14 15:10:00,Deposit,USA,ATM,Low,Normal,0,2,11,14487.4,2.67,1,10,0.3,0,0.47,Sneha Reddy,Vihaan Chopra
T300,A1093,A1015,240810.17,USD,2025-08-24 06:06:00,Deposit,Singapore,ATM,High,Placement,1,3,3,5251.57,45.85,2,9,0.4,0,0.67,Ananya Reddy,Aarav Nair
